/*
 Navicat Premium Data Transfer

 Source Server         : mysql-localhost
 Source Server Type    : MySQL
 Source Server Version : 50717
 Source Host           : localhost:3306
 Source Schema         : community

 Target Server Type    : MySQL
 Target Server Version : 50717
 File Encoding         : 65001

 Date: 23/08/2022 17:27:53
*/

SET NAMES utf8mb4;
SET FOREIGN_KEY_CHECKS = 0;

-- ----------------------------
-- Table structure for discuss_post
-- ----------------------------
DROP TABLE IF EXISTS `discuss_post`;
CREATE TABLE `discuss_post`  (
  `id` int(11) NOT NULL AUTO_INCREMENT,
  `user_id` int(11) NULL DEFAULT NULL,
  `title` varchar(200) CHARACTER SET utf8 COLLATE utf8_general_ci NULL DEFAULT NULL,
  `content` text CHARACTER SET utf8 COLLATE utf8_general_ci NULL,
  `type` int(11) NULL DEFAULT NULL COMMENT '0普通,1置顶',
  `status` int(11) NULL DEFAULT NULL COMMENT '0正常1精华2拉黑',
  `create_time` timestamp(0) NULL DEFAULT NULL,
  `score` double NULL DEFAULT NULL COMMENT '帖子的分数，用于后续排序',
  PRIMARY KEY (`id`) USING BTREE,
  INDEX `index_user_id`(`user_id`) USING BTREE
) ENGINE = InnoDB AUTO_INCREMENT = 201 CHARACTER SET = utf8 COLLATE = utf8_general_ci ROW_FORMAT = Dynamic;

-- ----------------------------
-- Records of discuss_post
-- ----------------------------
INSERT INTO `discuss_post` VALUES (1, 90, '世界上只有一个中国', '人之初性本善，清明上河图，处处闻啼鸟', 0, 0, '2022-08-23 13:21:38', 95.48214836097692);
INSERT INTO `discuss_post` VALUES (2, 33, '世界上只有一个中国', '人之初性本善，清明上河图，处处闻啼鸟', 0, 0, '2022-08-23 13:21:39', 49.701840775771636);
INSERT INTO `discuss_post` VALUES (3, 193, '世界上只有一个中国', '人之初性本善，清明上河图，处处闻啼鸟', 0, 0, '2022-08-23 13:21:39', 45.18098871336949);
INSERT INTO `discuss_post` VALUES (4, 99, '世界上只有一个中国', '人之初性本善，清明上河图，处处闻啼鸟', 0, 0, '2022-08-23 13:21:39', 62.34083393144214);
INSERT INTO `discuss_post` VALUES (5, 121, '世界上只有一个中国', '人之初性本善，清明上河图，处处闻啼鸟', 0, 0, '2022-08-23 13:21:39', 53.788762486933074);
INSERT INTO `discuss_post` VALUES (6, 81, '世界上只有一个中国', '人之初性本善，清明上河图，处处闻啼鸟', 0, 0, '2022-08-23 13:21:39', 95.2249045347481);
INSERT INTO `discuss_post` VALUES (7, 83, '世界上只有一个中国', '人之初性本善，清明上河图，处处闻啼鸟', 0, 0, '2022-08-23 13:21:39', 0.21705415770122416);
INSERT INTO `discuss_post` VALUES (8, 123, '世界上只有一个中国', '人之初性本善，清明上河图，处处闻啼鸟', 0, 0, '2022-08-23 13:21:39', 50.76217157487354);
INSERT INTO `discuss_post` VALUES (9, 76, '世界上只有一个中国', '人之初性本善，清明上河图，处处闻啼鸟', 0, 0, '2022-08-23 13:21:39', 76.78480678467827);
INSERT INTO `discuss_post` VALUES (10, 113, '世界上只有一个中国', '人之初性本善，清明上河图，处处闻啼鸟', 0, 0, '2022-08-23 13:21:39', 65.8054860201256);
INSERT INTO `discuss_post` VALUES (11, 178, '世界上只有一个中国', '人之初性本善，清明上河图，处处闻啼鸟', 0, 0, '2022-08-23 13:21:39', 83.64150766821336);
INSERT INTO `discuss_post` VALUES (12, 114, '世界上只有一个中国', '人之初性本善，清明上河图，处处闻啼鸟', 0, 0, '2022-08-23 13:21:39', 75.26381895097157);
INSERT INTO `discuss_post` VALUES (13, 18, '世界上只有一个中国', '人之初性本善，清明上河图，处处闻啼鸟', 0, 0, '2022-08-23 13:21:39', 36.2798179101909);
INSERT INTO `discuss_post` VALUES (14, 95, '世界上只有一个中国', '人之初性本善，清明上河图，处处闻啼鸟', 0, 0, '2022-08-23 13:21:39', 14.546298709077554);
INSERT INTO `discuss_post` VALUES (15, 57, '世界上只有一个中国', '人之初性本善，清明上河图，处处闻啼鸟', 0, 0, '2022-08-23 13:21:39', 63.991387107768674);
INSERT INTO `discuss_post` VALUES (16, 46, '世界上只有一个中国', '人之初性本善，清明上河图，处处闻啼鸟', 0, 0, '2022-08-23 13:21:39', 47.73204487406411);
INSERT INTO `discuss_post` VALUES (17, 147, '世界上只有一个中国', '人之初性本善，清明上河图，处处闻啼鸟', 0, 0, '2022-08-23 13:21:39', 2.412814985054934);
INSERT INTO `discuss_post` VALUES (18, 156, '世界上只有一个中国', '人之初性本善，清明上河图，处处闻啼鸟', 0, 0, '2022-08-23 13:21:39', 37.1104292074353);
INSERT INTO `discuss_post` VALUES (19, 60, '世界上只有一个中国', '人之初性本善，清明上河图，处处闻啼鸟', 0, 0, '2022-08-23 13:21:39', 32.2940928732938);
INSERT INTO `discuss_post` VALUES (20, 141, '世界上只有一个中国', '人之初性本善，清明上河图，处处闻啼鸟', 0, 0, '2022-08-23 13:21:39', 73.83520226183997);
INSERT INTO `discuss_post` VALUES (21, 132, '世界上只有一个中国', '人之初性本善，清明上河图，处处闻啼鸟', 0, 0, '2022-08-23 13:21:39', 8.915207276381176);
INSERT INTO `discuss_post` VALUES (22, 26, '世界上只有一个中国', '人之初性本善，清明上河图，处处闻啼鸟', 0, 0, '2022-08-23 13:21:39', 24.790726461948886);
INSERT INTO `discuss_post` VALUES (23, 109, '世界上只有一个中国', '人之初性本善，清明上河图，处处闻啼鸟', 0, 0, '2022-08-23 13:21:39', 12.390945023578636);
INSERT INTO `discuss_post` VALUES (24, 20, '世界上只有一个中国', '人之初性本善，清明上河图，处处闻啼鸟', 0, 0, '2022-08-23 13:21:39', 28.315160808463403);
INSERT INTO `discuss_post` VALUES (25, 174, '世界上只有一个中国', '人之初性本善，清明上河图，处处闻啼鸟', 0, 0, '2022-08-23 13:21:39', 49.971508431125876);
INSERT INTO `discuss_post` VALUES (26, 44, '世界上只有一个中国', '人之初性本善，清明上河图，处处闻啼鸟', 0, 0, '2022-08-23 13:21:39', 14.074015083124092);
INSERT INTO `discuss_post` VALUES (27, 93, '世界上只有一个中国', '人之初性本善，清明上河图，处处闻啼鸟', 0, 0, '2022-08-23 13:21:39', 12.669622680382474);
INSERT INTO `discuss_post` VALUES (28, 158, '世界上只有一个中国', '人之初性本善，清明上河图，处处闻啼鸟', 0, 0, '2022-08-23 13:21:39', 52.48722260467693);
INSERT INTO `discuss_post` VALUES (29, 162, '世界上只有一个中国', '人之初性本善，清明上河图，处处闻啼鸟', 0, 0, '2022-08-23 13:21:39', 80.77959021449901);
INSERT INTO `discuss_post` VALUES (30, 171, '世界上只有一个中国', '人之初性本善，清明上河图，处处闻啼鸟', 0, 0, '2022-08-23 13:21:39', 58.87882515188887);
INSERT INTO `discuss_post` VALUES (31, 137, '世界上只有一个中国', '人之初性本善，清明上河图，处处闻啼鸟', 0, 0, '2022-08-23 13:21:39', 51.61001857486944);
INSERT INTO `discuss_post` VALUES (32, 51, '世界上只有一个中国', '人之初性本善，清明上河图，处处闻啼鸟', 0, 0, '2022-08-23 13:21:39', 24.585325946044676);
INSERT INTO `discuss_post` VALUES (33, 116, '世界上只有一个中国', '人之初性本善，清明上河图，处处闻啼鸟', 0, 0, '2022-08-23 13:21:39', 22.388339255655353);
INSERT INTO `discuss_post` VALUES (34, 77, '世界上只有一个中国', '人之初性本善，清明上河图，处处闻啼鸟', 0, 0, '2022-08-23 13:21:39', 36.334289400500964);
INSERT INTO `discuss_post` VALUES (35, 180, '世界上只有一个中国', '人之初性本善，清明上河图，处处闻啼鸟', 0, 0, '2022-08-23 13:21:39', 92.11041389516267);
INSERT INTO `discuss_post` VALUES (36, 139, '世界上只有一个中国', '人之初性本善，清明上河图，处处闻啼鸟', 0, 0, '2022-08-23 13:21:39', 55.39614725318023);
INSERT INTO `discuss_post` VALUES (37, 72, '世界上只有一个中国', '人之初性本善，清明上河图，处处闻啼鸟', 0, 0, '2022-08-23 13:21:39', 17.8043425651196);
INSERT INTO `discuss_post` VALUES (38, 21, '世界上只有一个中国', '人之初性本善，清明上河图，处处闻啼鸟', 0, 0, '2022-08-23 13:21:39', 94.67787398390585);
INSERT INTO `discuss_post` VALUES (39, 166, '世界上只有一个中国', '人之初性本善，清明上河图，处处闻啼鸟', 0, 0, '2022-08-23 13:21:39', 17.67947078460893);
INSERT INTO `discuss_post` VALUES (40, 122, '世界上只有一个中国', '人之初性本善，清明上河图，处处闻啼鸟', 0, 0, '2022-08-23 13:21:39', 98.966170436389);
INSERT INTO `discuss_post` VALUES (41, 8, '世界上只有一个中国', '人之初性本善，清明上河图，处处闻啼鸟', 0, 0, '2022-08-23 13:21:39', 23.158288428198237);
INSERT INTO `discuss_post` VALUES (42, 9, '世界上只有一个中国', '人之初性本善，清明上河图，处处闻啼鸟', 0, 0, '2022-08-23 13:21:39', 93.01483259832136);
INSERT INTO `discuss_post` VALUES (43, 108, '世界上只有一个中国', '人之初性本善，清明上河图，处处闻啼鸟', 0, 0, '2022-08-23 13:21:39', 55.106693182408705);
INSERT INTO `discuss_post` VALUES (44, 163, '世界上只有一个中国', '人之初性本善，清明上河图，处处闻啼鸟', 0, 0, '2022-08-23 13:21:39', 38.22983151308905);
INSERT INTO `discuss_post` VALUES (45, 126, '世界上只有一个中国', '人之初性本善，清明上河图，处处闻啼鸟', 0, 0, '2022-08-23 13:21:39', 2.8256816369422566);
INSERT INTO `discuss_post` VALUES (46, 148, '世界上只有一个中国', '人之初性本善，清明上河图，处处闻啼鸟', 0, 0, '2022-08-23 13:21:39', 29.16243031274508);
INSERT INTO `discuss_post` VALUES (47, 172, '世界上只有一个中国', '人之初性本善，清明上河图，处处闻啼鸟', 0, 0, '2022-08-23 13:21:39', 12.640991734482155);
INSERT INTO `discuss_post` VALUES (48, 133, '世界上只有一个中国', '人之初性本善，清明上河图，处处闻啼鸟', 0, 0, '2022-08-23 13:21:39', 51.139175617835505);
INSERT INTO `discuss_post` VALUES (49, 177, '世界上只有一个中国', '人之初性本善，清明上河图，处处闻啼鸟', 0, 0, '2022-08-23 13:21:39', 48.45247217587891);
INSERT INTO `discuss_post` VALUES (50, 98, '世界上只有一个中国', '人之初性本善，清明上河图，处处闻啼鸟', 0, 0, '2022-08-23 13:21:39', 33.080600025144214);
INSERT INTO `discuss_post` VALUES (51, 192, '世界上只有一个中国', '人之初性本善，清明上河图，处处闻啼鸟', 0, 0, '2022-08-23 13:21:39', 32.32195949497873);
INSERT INTO `discuss_post` VALUES (52, 96, '世界上只有一个中国', '人之初性本善，清明上河图，处处闻啼鸟', 0, 0, '2022-08-23 13:21:39', 55.11507019558556);
INSERT INTO `discuss_post` VALUES (53, 54, '世界上只有一个中国', '人之初性本善，清明上河图，处处闻啼鸟', 0, 0, '2022-08-23 13:21:39', 16.35780439357031);
INSERT INTO `discuss_post` VALUES (54, 6, '世界上只有一个中国', '人之初性本善，清明上河图，处处闻啼鸟', 0, 0, '2022-08-23 13:21:39', 59.158430167775734);
INSERT INTO `discuss_post` VALUES (55, 139, '世界上只有一个中国', '人之初性本善，清明上河图，处处闻啼鸟', 0, 0, '2022-08-23 13:21:39', 63.25274598808473);
INSERT INTO `discuss_post` VALUES (56, 166, '世界上只有一个中国', '人之初性本善，清明上河图，处处闻啼鸟', 0, 0, '2022-08-23 13:21:39', 46.187898481648546);
INSERT INTO `discuss_post` VALUES (57, 19, '世界上只有一个中国', '人之初性本善，清明上河图，处处闻啼鸟', 0, 0, '2022-08-23 13:21:39', 19.141014916620648);
INSERT INTO `discuss_post` VALUES (58, 73, '世界上只有一个中国', '人之初性本善，清明上河图，处处闻啼鸟', 0, 0, '2022-08-23 13:21:39', 5.846859278744187);
INSERT INTO `discuss_post` VALUES (59, 58, '世界上只有一个中国', '人之初性本善，清明上河图，处处闻啼鸟', 0, 0, '2022-08-23 13:21:39', 74.10161418888332);
INSERT INTO `discuss_post` VALUES (60, 125, '世界上只有一个中国', '人之初性本善，清明上河图，处处闻啼鸟', 0, 0, '2022-08-23 13:21:39', 82.03267892082397);
INSERT INTO `discuss_post` VALUES (61, 109, '世界上只有一个中国', '人之初性本善，清明上河图，处处闻啼鸟', 0, 0, '2022-08-23 13:21:39', 50.28548507571829);
INSERT INTO `discuss_post` VALUES (62, 25, '世界上只有一个中国', '人之初性本善，清明上河图，处处闻啼鸟', 0, 0, '2022-08-23 13:21:39', 22.629832235872737);
INSERT INTO `discuss_post` VALUES (63, 177, '世界上只有一个中国', '人之初性本善，清明上河图，处处闻啼鸟', 0, 0, '2022-08-23 13:21:39', 94.71271544356145);
INSERT INTO `discuss_post` VALUES (64, 149, '世界上只有一个中国', '人之初性本善，清明上河图，处处闻啼鸟', 0, 0, '2022-08-23 13:21:39', 10.904642108248586);
INSERT INTO `discuss_post` VALUES (65, 144, '世界上只有一个中国', '人之初性本善，清明上河图，处处闻啼鸟', 0, 0, '2022-08-23 13:21:39', 70.85062589040795);
INSERT INTO `discuss_post` VALUES (66, 93, '世界上只有一个中国', '人之初性本善，清明上河图，处处闻啼鸟', 0, 0, '2022-08-23 13:21:39', 31.979865830009548);
INSERT INTO `discuss_post` VALUES (67, 47, '世界上只有一个中国', '人之初性本善，清明上河图，处处闻啼鸟', 0, 0, '2022-08-23 13:21:39', 24.303965604916144);
INSERT INTO `discuss_post` VALUES (68, 91, '世界上只有一个中国', '人之初性本善，清明上河图，处处闻啼鸟', 0, 0, '2022-08-23 13:21:39', 55.679285816226866);
INSERT INTO `discuss_post` VALUES (69, 171, '世界上只有一个中国', '人之初性本善，清明上河图，处处闻啼鸟', 0, 0, '2022-08-23 13:21:39', 81.47961703004461);
INSERT INTO `discuss_post` VALUES (70, 60, '世界上只有一个中国', '人之初性本善，清明上河图，处处闻啼鸟', 0, 0, '2022-08-23 13:21:39', 29.41047461768521);
INSERT INTO `discuss_post` VALUES (71, 158, '世界上只有一个中国', '人之初性本善，清明上河图，处处闻啼鸟', 0, 0, '2022-08-23 13:21:39', 99.35945541015282);
INSERT INTO `discuss_post` VALUES (72, 192, '世界上只有一个中国', '人之初性本善，清明上河图，处处闻啼鸟', 0, 0, '2022-08-23 13:21:39', 91.42782861763402);
INSERT INTO `discuss_post` VALUES (73, 167, '世界上只有一个中国', '人之初性本善，清明上河图，处处闻啼鸟', 0, 0, '2022-08-23 13:21:39', 44.611057820127634);
INSERT INTO `discuss_post` VALUES (74, 44, '世界上只有一个中国', '人之初性本善，清明上河图，处处闻啼鸟', 0, 0, '2022-08-23 13:21:39', 38.650902024433954);
INSERT INTO `discuss_post` VALUES (75, 62, '世界上只有一个中国', '人之初性本善，清明上河图，处处闻啼鸟', 0, 0, '2022-08-23 13:21:39', 75.22031517836233);
INSERT INTO `discuss_post` VALUES (76, 89, '世界上只有一个中国', '人之初性本善，清明上河图，处处闻啼鸟', 0, 0, '2022-08-23 13:21:39', 84.98462652939483);
INSERT INTO `discuss_post` VALUES (77, 52, '世界上只有一个中国', '人之初性本善，清明上河图，处处闻啼鸟', 0, 0, '2022-08-23 13:21:39', 16.057125204165924);
INSERT INTO `discuss_post` VALUES (78, 2, '世界上只有一个中国', '人之初性本善，清明上河图，处处闻啼鸟', 0, 0, '2022-08-23 13:21:39', 71.46674322062067);
INSERT INTO `discuss_post` VALUES (79, 171, '世界上只有一个中国', '人之初性本善，清明上河图，处处闻啼鸟', 0, 0, '2022-08-23 13:21:39', 65.93279979043717);
INSERT INTO `discuss_post` VALUES (80, 145, '世界上只有一个中国', '人之初性本善，清明上河图，处处闻啼鸟', 0, 0, '2022-08-23 13:21:39', 67.36503149413284);
INSERT INTO `discuss_post` VALUES (81, 31, '世界上只有一个中国', '人之初性本善，清明上河图，处处闻啼鸟', 0, 0, '2022-08-23 13:21:39', 95.61090765338645);
INSERT INTO `discuss_post` VALUES (82, 51, '世界上只有一个中国', '人之初性本善，清明上河图，处处闻啼鸟', 0, 0, '2022-08-23 13:21:39', 70.41709602989981);
INSERT INTO `discuss_post` VALUES (83, 147, '世界上只有一个中国', '人之初性本善，清明上河图，处处闻啼鸟', 0, 0, '2022-08-23 13:21:39', 71.58653518859877);
INSERT INTO `discuss_post` VALUES (84, 35, '世界上只有一个中国', '人之初性本善，清明上河图，处处闻啼鸟', 0, 0, '2022-08-23 13:21:39', 49.37355439382172);
INSERT INTO `discuss_post` VALUES (85, 137, '世界上只有一个中国', '人之初性本善，清明上河图，处处闻啼鸟', 0, 0, '2022-08-23 13:21:39', 80.0769278712644);
INSERT INTO `discuss_post` VALUES (86, 138, '世界上只有一个中国', '人之初性本善，清明上河图，处处闻啼鸟', 0, 0, '2022-08-23 13:21:39', 78.45145838706308);
INSERT INTO `discuss_post` VALUES (87, 124, '世界上只有一个中国', '人之初性本善，清明上河图，处处闻啼鸟', 0, 0, '2022-08-23 13:21:39', 11.2283914236175);
INSERT INTO `discuss_post` VALUES (88, 182, '世界上只有一个中国', '人之初性本善，清明上河图，处处闻啼鸟', 0, 0, '2022-08-23 13:21:39', 50.153832973374456);
INSERT INTO `discuss_post` VALUES (89, 41, '世界上只有一个中国', '人之初性本善，清明上河图，处处闻啼鸟', 0, 0, '2022-08-23 13:21:39', 62.11819816487042);
INSERT INTO `discuss_post` VALUES (90, 45, '世界上只有一个中国', '人之初性本善，清明上河图，处处闻啼鸟', 0, 0, '2022-08-23 13:21:39', 44.62862992140254);
INSERT INTO `discuss_post` VALUES (91, 173, '世界上只有一个中国', '人之初性本善，清明上河图，处处闻啼鸟', 0, 0, '2022-08-23 13:21:39', 82.92075968423721);
INSERT INTO `discuss_post` VALUES (92, 158, '世界上只有一个中国', '人之初性本善，清明上河图，处处闻啼鸟', 0, 0, '2022-08-23 13:21:39', 76.9213906721261);
INSERT INTO `discuss_post` VALUES (93, 154, '世界上只有一个中国', '人之初性本善，清明上河图，处处闻啼鸟', 0, 0, '2022-08-23 13:21:39', 28.414533363677265);
INSERT INTO `discuss_post` VALUES (94, 143, '世界上只有一个中国', '人之初性本善，清明上河图，处处闻啼鸟', 0, 0, '2022-08-23 13:21:39', 3.4430895341809986);
INSERT INTO `discuss_post` VALUES (95, 105, '世界上只有一个中国', '人之初性本善，清明上河图，处处闻啼鸟', 0, 0, '2022-08-23 13:21:39', 34.052061999209386);
INSERT INTO `discuss_post` VALUES (96, 149, '世界上只有一个中国', '人之初性本善，清明上河图，处处闻啼鸟', 0, 0, '2022-08-23 13:21:39', 84.97297277206351);
INSERT INTO `discuss_post` VALUES (97, 111, '世界上只有一个中国', '人之初性本善，清明上河图，处处闻啼鸟', 0, 0, '2022-08-23 13:21:39', 90.95321471029926);
INSERT INTO `discuss_post` VALUES (98, 36, '世界上只有一个中国', '人之初性本善，清明上河图，处处闻啼鸟', 0, 0, '2022-08-23 13:21:39', 73.56695037782272);
INSERT INTO `discuss_post` VALUES (99, 100, '世界上只有一个中国', '人之初性本善，清明上河图，处处闻啼鸟', 0, 0, '2022-08-23 13:21:39', 5.842611685488119);
INSERT INTO `discuss_post` VALUES (100, 191, '世界上只有一个中国', '人之初性本善，清明上河图，处处闻啼鸟', 0, 0, '2022-08-23 13:21:39', 0.9891805842685786);
INSERT INTO `discuss_post` VALUES (101, 144, '世界上只有一个中国', '人之初性本善，清明上河图，处处闻啼鸟', 0, 0, '2022-08-23 13:21:39', 4.1841634796428);
INSERT INTO `discuss_post` VALUES (102, 101, '世界上只有一个中国', '人之初性本善，清明上河图，处处闻啼鸟', 0, 0, '2022-08-23 13:21:39', 92.7730589316959);
INSERT INTO `discuss_post` VALUES (103, 160, '世界上只有一个中国', '人之初性本善，清明上河图，处处闻啼鸟', 0, 0, '2022-08-23 13:21:39', 3.158871905578231);
INSERT INTO `discuss_post` VALUES (104, 102, '世界上只有一个中国', '人之初性本善，清明上河图，处处闻啼鸟', 0, 0, '2022-08-23 13:21:39', 2.1279056931343687);
INSERT INTO `discuss_post` VALUES (105, 74, '世界上只有一个中国', '人之初性本善，清明上河图，处处闻啼鸟', 0, 0, '2022-08-23 13:21:39', 96.92144238037379);
INSERT INTO `discuss_post` VALUES (106, 144, '世界上只有一个中国', '人之初性本善，清明上河图，处处闻啼鸟', 0, 0, '2022-08-23 13:21:39', 64.0804978180389);
INSERT INTO `discuss_post` VALUES (107, 183, '世界上只有一个中国', '人之初性本善，清明上河图，处处闻啼鸟', 0, 0, '2022-08-23 13:21:39', 56.25608359905313);
INSERT INTO `discuss_post` VALUES (108, 136, '世界上只有一个中国', '人之初性本善，清明上河图，处处闻啼鸟', 0, 0, '2022-08-23 13:21:39', 18.13221594841552);
INSERT INTO `discuss_post` VALUES (109, 50, '世界上只有一个中国', '人之初性本善，清明上河图，处处闻啼鸟', 0, 0, '2022-08-23 13:21:39', 95.26282554392856);
INSERT INTO `discuss_post` VALUES (110, 69, '世界上只有一个中国', '人之初性本善，清明上河图，处处闻啼鸟', 0, 0, '2022-08-23 13:21:39', 14.64538676148729);
INSERT INTO `discuss_post` VALUES (111, 109, '世界上只有一个中国', '人之初性本善，清明上河图，处处闻啼鸟', 0, 0, '2022-08-23 13:21:39', 99.89930300716429);
INSERT INTO `discuss_post` VALUES (112, 178, '世界上只有一个中国', '人之初性本善，清明上河图，处处闻啼鸟', 0, 0, '2022-08-23 13:21:39', 64.85351178222517);
INSERT INTO `discuss_post` VALUES (113, 30, '世界上只有一个中国', '人之初性本善，清明上河图，处处闻啼鸟', 0, 0, '2022-08-23 13:21:39', 58.30240148509169);
INSERT INTO `discuss_post` VALUES (114, 175, '世界上只有一个中国', '人之初性本善，清明上河图，处处闻啼鸟', 0, 0, '2022-08-23 13:21:39', 83.72202254111598);
INSERT INTO `discuss_post` VALUES (115, 145, '世界上只有一个中国', '人之初性本善，清明上河图，处处闻啼鸟', 0, 0, '2022-08-23 13:21:39', 55.29903516902692);
INSERT INTO `discuss_post` VALUES (116, 60, '世界上只有一个中国', '人之初性本善，清明上河图，处处闻啼鸟', 0, 0, '2022-08-23 13:21:39', 19.116629097274007);
INSERT INTO `discuss_post` VALUES (117, 1, '世界上只有一个中国', '人之初性本善，清明上河图，处处闻啼鸟', 0, 0, '2022-08-23 13:21:39', 88.32482585903523);
INSERT INTO `discuss_post` VALUES (118, 110, '世界上只有一个中国', '人之初性本善，清明上河图，处处闻啼鸟', 0, 0, '2022-08-23 13:21:39', 91.76233977639231);
INSERT INTO `discuss_post` VALUES (119, 89, '世界上只有一个中国', '人之初性本善，清明上河图，处处闻啼鸟', 0, 0, '2022-08-23 13:21:39', 83.4526154386424);
INSERT INTO `discuss_post` VALUES (120, 107, '世界上只有一个中国', '人之初性本善，清明上河图，处处闻啼鸟', 0, 0, '2022-08-23 13:21:39', 4.4030710456842925);
INSERT INTO `discuss_post` VALUES (121, 173, '世界上只有一个中国', '人之初性本善，清明上河图，处处闻啼鸟', 0, 0, '2022-08-23 13:21:39', 31.526691440852783);
INSERT INTO `discuss_post` VALUES (122, 30, '世界上只有一个中国', '人之初性本善，清明上河图，处处闻啼鸟', 0, 0, '2022-08-23 13:21:39', 83.61939956050335);
INSERT INTO `discuss_post` VALUES (123, 186, '世界上只有一个中国', '人之初性本善，清明上河图，处处闻啼鸟', 0, 0, '2022-08-23 13:21:39', 68.90251150343185);
INSERT INTO `discuss_post` VALUES (124, 53, '世界上只有一个中国', '人之初性本善，清明上河图，处处闻啼鸟', 0, 0, '2022-08-23 13:21:39', 15.104612364681058);
INSERT INTO `discuss_post` VALUES (125, 0, '世界上只有一个中国', '人之初性本善，清明上河图，处处闻啼鸟', 0, 0, '2022-08-23 13:21:39', 16.26864638371125);
INSERT INTO `discuss_post` VALUES (126, 61, '世界上只有一个中国', '人之初性本善，清明上河图，处处闻啼鸟', 0, 0, '2022-08-23 13:21:39', 95.9997462276583);
INSERT INTO `discuss_post` VALUES (127, 56, '世界上只有一个中国', '人之初性本善，清明上河图，处处闻啼鸟', 0, 0, '2022-08-23 13:21:39', 77.52664888713349);
INSERT INTO `discuss_post` VALUES (128, 174, '世界上只有一个中国', '人之初性本善，清明上河图，处处闻啼鸟', 0, 0, '2022-08-23 13:21:39', 25.315341082767205);
INSERT INTO `discuss_post` VALUES (129, 141, '世界上只有一个中国', '人之初性本善，清明上河图，处处闻啼鸟', 0, 0, '2022-08-23 13:21:39', 84.8389223563175);
INSERT INTO `discuss_post` VALUES (130, 32, '世界上只有一个中国', '人之初性本善，清明上河图，处处闻啼鸟', 0, 0, '2022-08-23 13:21:39', 32.17723159606162);
INSERT INTO `discuss_post` VALUES (131, 118, '世界上只有一个中国', '人之初性本善，清明上河图，处处闻啼鸟', 0, 0, '2022-08-23 13:21:39', 15.988397692648348);
INSERT INTO `discuss_post` VALUES (132, 175, '世界上只有一个中国', '人之初性本善，清明上河图，处处闻啼鸟', 0, 0, '2022-08-23 13:21:39', 76.6695500418727);
INSERT INTO `discuss_post` VALUES (133, 22, '世界上只有一个中国', '人之初性本善，清明上河图，处处闻啼鸟', 0, 0, '2022-08-23 13:21:39', 40.17403955935127);
INSERT INTO `discuss_post` VALUES (134, 27, '世界上只有一个中国', '人之初性本善，清明上河图，处处闻啼鸟', 0, 0, '2022-08-23 13:21:39', 53.92981109516023);
INSERT INTO `discuss_post` VALUES (135, 68, '世界上只有一个中国', '人之初性本善，清明上河图，处处闻啼鸟', 0, 0, '2022-08-23 13:21:39', 72.37189300563989);
INSERT INTO `discuss_post` VALUES (136, 46, '世界上只有一个中国', '人之初性本善，清明上河图，处处闻啼鸟', 0, 0, '2022-08-23 13:21:39', 28.795052247036278);
INSERT INTO `discuss_post` VALUES (137, 93, '世界上只有一个中国', '人之初性本善，清明上河图，处处闻啼鸟', 0, 0, '2022-08-23 13:21:39', 68.33690444525391);
INSERT INTO `discuss_post` VALUES (138, 47, '世界上只有一个中国', '人之初性本善，清明上河图，处处闻啼鸟', 0, 0, '2022-08-23 13:21:39', 45.82674693237474);
INSERT INTO `discuss_post` VALUES (139, 134, '世界上只有一个中国', '人之初性本善，清明上河图，处处闻啼鸟', 0, 0, '2022-08-23 13:21:39', 95.59954319588246);
INSERT INTO `discuss_post` VALUES (140, 159, '世界上只有一个中国', '人之初性本善，清明上河图，处处闻啼鸟', 0, 0, '2022-08-23 13:21:39', 4.348483923438595);
INSERT INTO `discuss_post` VALUES (141, 95, '世界上只有一个中国', '人之初性本善，清明上河图，处处闻啼鸟', 0, 0, '2022-08-23 13:21:39', 26.671580702968267);
INSERT INTO `discuss_post` VALUES (142, 20, '世界上只有一个中国', '人之初性本善，清明上河图，处处闻啼鸟', 0, 0, '2022-08-23 13:21:39', 45.08514951836489);
INSERT INTO `discuss_post` VALUES (143, 125, '世界上只有一个中国', '人之初性本善，清明上河图，处处闻啼鸟', 0, 0, '2022-08-23 13:21:39', 29.242665806006553);
INSERT INTO `discuss_post` VALUES (144, 19, '世界上只有一个中国', '人之初性本善，清明上河图，处处闻啼鸟', 0, 0, '2022-08-23 13:21:39', 32.060634009288194);
INSERT INTO `discuss_post` VALUES (145, 56, '世界上只有一个中国', '人之初性本善，清明上河图，处处闻啼鸟', 0, 0, '2022-08-23 13:21:39', 4.235347942221046);
INSERT INTO `discuss_post` VALUES (146, 134, '世界上只有一个中国', '人之初性本善，清明上河图，处处闻啼鸟', 0, 0, '2022-08-23 13:21:39', 22.17590805296673);
INSERT INTO `discuss_post` VALUES (147, 178, '世界上只有一个中国', '人之初性本善，清明上河图，处处闻啼鸟', 0, 0, '2022-08-23 13:21:39', 45.58304665399008);
INSERT INTO `discuss_post` VALUES (148, 172, '世界上只有一个中国', '人之初性本善，清明上河图，处处闻啼鸟', 0, 0, '2022-08-23 13:21:39', 14.500479524991562);
INSERT INTO `discuss_post` VALUES (149, 21, '世界上只有一个中国', '人之初性本善，清明上河图，处处闻啼鸟', 0, 0, '2022-08-23 13:21:39', 66.74918005324467);
INSERT INTO `discuss_post` VALUES (150, 31, '世界上只有一个中国', '人之初性本善，清明上河图，处处闻啼鸟', 0, 0, '2022-08-23 13:21:39', 78.39891148813358);
INSERT INTO `discuss_post` VALUES (151, 85, '世界上只有一个中国', '人之初性本善，清明上河图，处处闻啼鸟', 0, 0, '2022-08-23 13:21:39', 98.62158018493122);
INSERT INTO `discuss_post` VALUES (152, 48, '世界上只有一个中国', '人之初性本善，清明上河图，处处闻啼鸟', 0, 0, '2022-08-23 13:21:39', 44.550650829474236);
INSERT INTO `discuss_post` VALUES (153, 146, '世界上只有一个中国', '人之初性本善，清明上河图，处处闻啼鸟', 0, 0, '2022-08-23 13:21:39', 10.280124766579323);
INSERT INTO `discuss_post` VALUES (154, 6, '世界上只有一个中国', '人之初性本善，清明上河图，处处闻啼鸟', 0, 0, '2022-08-23 13:21:39', 13.83617655906233);
INSERT INTO `discuss_post` VALUES (155, 190, '世界上只有一个中国', '人之初性本善，清明上河图，处处闻啼鸟', 0, 0, '2022-08-23 13:21:39', 92.4847874381341);
INSERT INTO `discuss_post` VALUES (156, 194, '世界上只有一个中国', '人之初性本善，清明上河图，处处闻啼鸟', 0, 0, '2022-08-23 13:21:39', 52.424376984556616);
INSERT INTO `discuss_post` VALUES (157, 171, '世界上只有一个中国', '人之初性本善，清明上河图，处处闻啼鸟', 0, 0, '2022-08-23 13:21:39', 60.594670652554264);
INSERT INTO `discuss_post` VALUES (158, 97, '世界上只有一个中国', '人之初性本善，清明上河图，处处闻啼鸟', 0, 0, '2022-08-23 13:21:39', 48.72667138507608);
INSERT INTO `discuss_post` VALUES (159, 28, '世界上只有一个中国', '人之初性本善，清明上河图，处处闻啼鸟', 0, 0, '2022-08-23 13:21:39', 93.35437848946626);
INSERT INTO `discuss_post` VALUES (160, 27, '世界上只有一个中国', '人之初性本善，清明上河图，处处闻啼鸟', 0, 0, '2022-08-23 13:21:39', 57.139760846762364);
INSERT INTO `discuss_post` VALUES (161, 193, '世界上只有一个中国', '人之初性本善，清明上河图，处处闻啼鸟', 0, 0, '2022-08-23 13:21:39', 93.0888602417651);
INSERT INTO `discuss_post` VALUES (162, 124, '世界上只有一个中国', '人之初性本善，清明上河图，处处闻啼鸟', 0, 0, '2022-08-23 13:21:39', 64.5188877484724);
INSERT INTO `discuss_post` VALUES (163, 39, '世界上只有一个中国', '人之初性本善，清明上河图，处处闻啼鸟', 0, 0, '2022-08-23 13:21:39', 39.7861887023445);
INSERT INTO `discuss_post` VALUES (164, 29, '世界上只有一个中国', '人之初性本善，清明上河图，处处闻啼鸟', 0, 0, '2022-08-23 13:21:39', 59.29193569635771);
INSERT INTO `discuss_post` VALUES (165, 115, '世界上只有一个中国', '人之初性本善，清明上河图，处处闻啼鸟', 0, 0, '2022-08-23 13:21:39', 10.999809697635389);
INSERT INTO `discuss_post` VALUES (166, 107, '世界上只有一个中国', '人之初性本善，清明上河图，处处闻啼鸟', 0, 0, '2022-08-23 13:21:39', 84.94755406816341);
INSERT INTO `discuss_post` VALUES (167, 179, '世界上只有一个中国', '人之初性本善，清明上河图，处处闻啼鸟', 0, 0, '2022-08-23 13:21:39', 46.468375785129965);
INSERT INTO `discuss_post` VALUES (168, 131, '世界上只有一个中国', '人之初性本善，清明上河图，处处闻啼鸟', 0, 0, '2022-08-23 13:21:39', 26.001511248421405);
INSERT INTO `discuss_post` VALUES (169, 107, '世界上只有一个中国', '人之初性本善，清明上河图，处处闻啼鸟', 0, 0, '2022-08-23 13:21:39', 50.87367569872604);
INSERT INTO `discuss_post` VALUES (170, 59, '世界上只有一个中国', '人之初性本善，清明上河图，处处闻啼鸟', 0, 0, '2022-08-23 13:21:39', 73.95498026479385);
INSERT INTO `discuss_post` VALUES (171, 55, '世界上只有一个中国', '人之初性本善，清明上河图，处处闻啼鸟', 0, 0, '2022-08-23 13:21:39', 24.921305647295778);
INSERT INTO `discuss_post` VALUES (172, 121, '世界上只有一个中国', '人之初性本善，清明上河图，处处闻啼鸟', 0, 0, '2022-08-23 13:21:39', 75.62640230223235);
INSERT INTO `discuss_post` VALUES (173, 94, '世界上只有一个中国', '人之初性本善，清明上河图，处处闻啼鸟', 0, 0, '2022-08-23 13:21:39', 65.12005588833954);
INSERT INTO `discuss_post` VALUES (174, 70, '世界上只有一个中国', '人之初性本善，清明上河图，处处闻啼鸟', 0, 0, '2022-08-23 13:21:39', 27.54738432200391);
INSERT INTO `discuss_post` VALUES (175, 22, '世界上只有一个中国', '人之初性本善，清明上河图，处处闻啼鸟', 0, 0, '2022-08-23 13:21:39', 30.82243637549631);
INSERT INTO `discuss_post` VALUES (176, 183, '世界上只有一个中国', '人之初性本善，清明上河图，处处闻啼鸟', 0, 0, '2022-08-23 13:21:39', 37.638560245131536);
INSERT INTO `discuss_post` VALUES (177, 20, '世界上只有一个中国', '人之初性本善，清明上河图，处处闻啼鸟', 0, 0, '2022-08-23 13:21:39', 67.79523939159527);
INSERT INTO `discuss_post` VALUES (178, 72, '世界上只有一个中国', '人之初性本善，清明上河图，处处闻啼鸟', 0, 0, '2022-08-23 13:21:39', 1.5173764678737767);
INSERT INTO `discuss_post` VALUES (179, 193, '世界上只有一个中国', '人之初性本善，清明上河图，处处闻啼鸟', 0, 0, '2022-08-23 13:21:39', 47.984525860814934);
INSERT INTO `discuss_post` VALUES (180, 194, '世界上只有一个中国', '人之初性本善，清明上河图，处处闻啼鸟', 0, 0, '2022-08-23 13:21:39', 4.497259487563266);
INSERT INTO `discuss_post` VALUES (181, 58, '世界上只有一个中国', '人之初性本善，清明上河图，处处闻啼鸟', 0, 0, '2022-08-23 13:21:39', 54.15003334755387);
INSERT INTO `discuss_post` VALUES (182, 168, '世界上只有一个中国', '人之初性本善，清明上河图，处处闻啼鸟', 0, 0, '2022-08-23 13:21:39', 34.42236694523656);
INSERT INTO `discuss_post` VALUES (183, 187, '世界上只有一个中国', '人之初性本善，清明上河图，处处闻啼鸟', 0, 0, '2022-08-23 13:21:39', 39.88927317629452);
INSERT INTO `discuss_post` VALUES (184, 147, '世界上只有一个中国', '人之初性本善，清明上河图，处处闻啼鸟', 0, 0, '2022-08-23 13:21:39', 21.551344014356367);
INSERT INTO `discuss_post` VALUES (185, 195, '世界上只有一个中国', '人之初性本善，清明上河图，处处闻啼鸟', 0, 0, '2022-08-23 13:21:39', 36.908480479396964);
INSERT INTO `discuss_post` VALUES (186, 47, '世界上只有一个中国', '人之初性本善，清明上河图，处处闻啼鸟', 0, 0, '2022-08-23 13:21:39', 64.30122770157432);
INSERT INTO `discuss_post` VALUES (187, 176, '世界上只有一个中国', '人之初性本善，清明上河图，处处闻啼鸟', 0, 0, '2022-08-23 13:21:39', 10.936326170258482);
INSERT INTO `discuss_post` VALUES (188, 45, '世界上只有一个中国', '人之初性本善，清明上河图，处处闻啼鸟', 0, 0, '2022-08-23 13:21:39', 87.54411348786351);
INSERT INTO `discuss_post` VALUES (189, 142, '世界上只有一个中国', '人之初性本善，清明上河图，处处闻啼鸟', 0, 0, '2022-08-23 13:21:39', 76.03685461078507);
INSERT INTO `discuss_post` VALUES (190, 55, '世界上只有一个中国', '人之初性本善，清明上河图，处处闻啼鸟', 0, 0, '2022-08-23 13:21:39', 7.075643196468883);
INSERT INTO `discuss_post` VALUES (191, 54, '世界上只有一个中国', '人之初性本善，清明上河图，处处闻啼鸟', 0, 0, '2022-08-23 13:21:39', 69.1350703162602);
INSERT INTO `discuss_post` VALUES (192, 96, '世界上只有一个中国', '人之初性本善，清明上河图，处处闻啼鸟', 0, 0, '2022-08-23 13:21:39', 87.97748123636549);
INSERT INTO `discuss_post` VALUES (193, 197, '世界上只有一个中国', '人之初性本善，清明上河图，处处闻啼鸟', 0, 0, '2022-08-23 13:21:39', 80.25095360067779);
INSERT INTO `discuss_post` VALUES (194, 48, '世界上只有一个中国', '人之初性本善，清明上河图，处处闻啼鸟', 0, 0, '2022-08-23 13:21:39', 75.36766890903743);
INSERT INTO `discuss_post` VALUES (195, 65, '世界上只有一个中国', '人之初性本善，清明上河图，处处闻啼鸟', 0, 0, '2022-08-23 13:21:39', 22.953693000049903);
INSERT INTO `discuss_post` VALUES (196, 6, '世界上只有一个中国', '人之初性本善，清明上河图，处处闻啼鸟', 0, 0, '2022-08-23 13:21:39', 91.81221455694362);
INSERT INTO `discuss_post` VALUES (197, 185, '世界上只有一个中国', '人之初性本善，清明上河图，处处闻啼鸟', 0, 0, '2022-08-23 13:21:39', 76.73971713975844);
INSERT INTO `discuss_post` VALUES (198, 96, '世界上只有一个中国', '人之初性本善，清明上河图，处处闻啼鸟', 0, 0, '2022-08-23 13:21:39', 75.42390038486087);
INSERT INTO `discuss_post` VALUES (199, 176, '世界上只有一个中国', '人之初性本善，清明上河图，处处闻啼鸟', 0, 0, '2022-08-23 13:21:39', 95.35238791223478);
INSERT INTO `discuss_post` VALUES (200, 100, '世界上只有一个中国', '人之初性本善，清明上河图，处处闻啼鸟', 0, 0, '2022-08-23 13:21:39', 85.06464688226811);

-- ----------------------------
-- Table structure for login_ticket
-- ----------------------------
DROP TABLE IF EXISTS `login_ticket`;
CREATE TABLE `login_ticket`  (
  `id` int(11) NOT NULL AUTO_INCREMENT,
  `user_id` int(11) NOT NULL,
  `ticket` varchar(45) CHARACTER SET utf8 COLLATE utf8_general_ci NOT NULL,
  `status` int(11) NULL DEFAULT 0 COMMENT '0有效,1无效',
  `expired` timestamp(0) NOT NULL DEFAULT CURRENT_TIMESTAMP(0) ON UPDATE CURRENT_TIMESTAMP(0),
  PRIMARY KEY (`id`) USING BTREE,
  INDEX `index_ticket`(`ticket`) USING BTREE
) ENGINE = InnoDB AUTO_INCREMENT = 8 CHARACTER SET = utf8 COLLATE = utf8_general_ci ROW_FORMAT = Dynamic;

-- ----------------------------
-- Records of login_ticket
-- ----------------------------
INSERT INTO `login_ticket` VALUES (4, 203, 'd8bobbznvq', 1, '2022-08-23 16:59:19');
INSERT INTO `login_ticket` VALUES (5, 204, 's0owobwlfn', 1, '2022-08-23 17:03:51');
INSERT INTO `login_ticket` VALUES (6, 204, 'yfze24g5iv', 1, '2022-08-23 17:20:32');
INSERT INTO `login_ticket` VALUES (7, 204, 'dn6be62xq3', 0, '2022-09-02 17:22:28');

-- ----------------------------
-- Table structure for user
-- ----------------------------
DROP TABLE IF EXISTS `user`;
CREATE TABLE `user`  (
  `id` int(11) NOT NULL AUTO_INCREMENT,
  `username` varchar(50) CHARACTER SET utf8 COLLATE utf8_general_ci NULL DEFAULT NULL,
  `password` varchar(50) CHARACTER SET utf8 COLLATE utf8_general_ci NULL DEFAULT NULL,
  `salt` varchar(50) CHARACTER SET utf8 COLLATE utf8_general_ci NULL DEFAULT NULL,
  `email` varchar(100) CHARACTER SET utf8 COLLATE utf8_general_ci NULL DEFAULT NULL,
  `type` int(11) NULL DEFAULT NULL COMMENT '0:普通用户,1:超级管理员,2:版主',
  `status` int(11) NULL DEFAULT NULL COMMENT '0:未激活,1: 激活',
  `activation_code` varchar(100) CHARACTER SET utf8 COLLATE utf8_general_ci NULL DEFAULT NULL COMMENT '激活码',
  `header_url` varchar(100) CHARACTER SET utf8 COLLATE utf8_general_ci NULL DEFAULT NULL COMMENT '头像图片地址',
  `create_time` timestamp(0) NULL DEFAULT NULL,
  PRIMARY KEY (`id`) USING BTREE,
  INDEX `index_username`(`username`) USING BTREE,
  INDEX `index_email`(`email`) USING BTREE
) ENGINE = InnoDB AUTO_INCREMENT = 205 CHARACTER SET = utf8 COLLATE = utf8_general_ci ROW_FORMAT = Dynamic;

-- ----------------------------
-- Records of user
-- ----------------------------
INSERT INTO `user` VALUES (1, '6juzmytwsk', 'he67j3s4m61c', 'lzmbn', '6933188533@qq.com', 0, 0, 'ndo65b', 'https://images.nowcoder.com/head/493t.png', '2022-08-23 13:19:31');
INSERT INTO `user` VALUES (2, '283gtfgdwp', 'escq629vu78m', 'ernmo', '6419694247@qq.com', 0, 0, 'xvlqdh', 'https://images.nowcoder.com/head/322t.png', '2022-08-23 13:19:32');
INSERT INTO `user` VALUES (3, 'yogufn7p1f', 'lhsp6ywnrpbn', 'zycqk', '9812374864@qq.com', 0, 0, 'yoj7do', 'https://images.nowcoder.com/head/112t.png', '2022-08-23 13:19:32');
INSERT INTO `user` VALUES (4, 'q6cdqmd4rg', 'qi6r24486xfy', '7dh94', '1177788255@qq.com', 0, 0, 'i1uuur', 'https://images.nowcoder.com/head/137t.png', '2022-08-23 13:19:32');
INSERT INTO `user` VALUES (5, 'kn1n1sfdjf', 'ket6cc8jtr5p', 'n65nn', '3317943372@qq.com', 0, 0, 'tynmyj', 'https://images.nowcoder.com/head/123t.png', '2022-08-23 13:19:32');
INSERT INTO `user` VALUES (6, 'e3gxvbw313', '7qcl6nzhcob9', 'voq17', '8692080464@qq.com', 0, 0, 'gibu7k', 'https://images.nowcoder.com/head/194t.png', '2022-08-23 13:19:32');
INSERT INTO `user` VALUES (7, 'znbjywyt7j', 'zoobjjtomt5j', 'gnsp1', '3664919877@qq.com', 0, 0, 'ibtn3n', 'https://images.nowcoder.com/head/0t.png', '2022-08-23 13:19:32');
INSERT INTO `user` VALUES (8, '4uwx5y9wgh', 'ire4f18z17aa', 'mrgxy', '7411342366@qq.com', 0, 0, 't9tn0t', 'https://images.nowcoder.com/head/434t.png', '2022-08-23 13:19:32');
INSERT INTO `user` VALUES (9, '96ix3iguw7', '00fzdvw891dc', 'svh0h', '9496066191@qq.com', 0, 0, 'is499x', 'https://images.nowcoder.com/head/449t.png', '2022-08-23 13:19:32');
INSERT INTO `user` VALUES (10, 'b4c1yg1tlw', '0a1jv6lrd7tf', 'wsyye', '5120384692@qq.com', 0, 0, 'bffpxx', 'https://images.nowcoder.com/head/496t.png', '2022-08-23 13:19:32');
INSERT INTO `user` VALUES (11, '8bru7ikmi5', '83lvdxeqjwqe', '0zsje', '8805238269@qq.com', 0, 0, 'kpfk7g', 'https://images.nowcoder.com/head/395t.png', '2022-08-23 13:19:32');
INSERT INTO `user` VALUES (12, 'a65c3g4qsn', 'jvxhlx1f6r5o', 'tf190', '6136427205@qq.com', 0, 0, 'bql0dc', 'https://images.nowcoder.com/head/185t.png', '2022-08-23 13:19:32');
INSERT INTO `user` VALUES (13, 'rk5zuix45c', 'pgdcwyxc6pys', 'w9qd1', '8387646840@qq.com', 0, 0, 'dcpm43', 'https://images.nowcoder.com/head/398t.png', '2022-08-23 13:19:32');
INSERT INTO `user` VALUES (14, 'bnjriwfssf', '8f2ds7b00hzx', 'ys76y', '4889398752@qq.com', 0, 0, 'qsu8cu', 'https://images.nowcoder.com/head/382t.png', '2022-08-23 13:19:32');
INSERT INTO `user` VALUES (15, 'aq1xgme6dj', 'y3it7xra0nvs', 'kikn6', '0049073247@qq.com', 0, 0, '52tmvp', 'https://images.nowcoder.com/head/123t.png', '2022-08-23 13:19:32');
INSERT INTO `user` VALUES (16, '139vkfa41y', 'oiuql7kgemb7', 'twg34', '1432864917@qq.com', 0, 0, 'cg2ynt', 'https://images.nowcoder.com/head/181t.png', '2022-08-23 13:19:32');
INSERT INTO `user` VALUES (17, 'vmx22l599v', 'tbg5eptmmk22', 'l3r75', '9577924820@qq.com', 0, 0, 'ip7zw7', 'https://images.nowcoder.com/head/337t.png', '2022-08-23 13:19:32');
INSERT INTO `user` VALUES (18, '6mpar8d0lq', 'sc349qt3woa0', 'vcmxo', '9329726506@qq.com', 0, 0, 'keyn9r', 'https://images.nowcoder.com/head/157t.png', '2022-08-23 13:19:32');
INSERT INTO `user` VALUES (19, '7yyemwxv2i', 'ne6vy0zx8jqz', 'qgfxv', '7339242050@qq.com', 0, 0, 'o7zjmg', 'https://images.nowcoder.com/head/357t.png', '2022-08-23 13:19:32');
INSERT INTO `user` VALUES (20, 'fziqx1p6g5', 'of0ublgd4ms1', '5y13k', '9832934003@qq.com', 0, 0, 'rwyjnu', 'https://images.nowcoder.com/head/24t.png', '2022-08-23 13:19:32');
INSERT INTO `user` VALUES (21, 'yuj2e19fs5', 'ehxeph1yxlo3', 'oegyn', '9427459898@qq.com', 0, 0, '0doydz', 'https://images.nowcoder.com/head/403t.png', '2022-08-23 13:19:32');
INSERT INTO `user` VALUES (22, 'k9eipi1ew1', 'iyiqubsso6dv', 'sgv1a', '1224551672@qq.com', 0, 0, '7wi7ow', 'https://images.nowcoder.com/head/170t.png', '2022-08-23 13:19:32');
INSERT INTO `user` VALUES (23, 'tsz0jhcv8k', 'p6sotrtour2a', '4jtft', '0060215029@qq.com', 0, 0, 'bskq3z', 'https://images.nowcoder.com/head/217t.png', '2022-08-23 13:19:32');
INSERT INTO `user` VALUES (24, 'vpv34w2jr0', '42xvvrdpn681', 'q554u', '3206603041@qq.com', 0, 0, 'bq5vs0', 'https://images.nowcoder.com/head/205t.png', '2022-08-23 13:19:32');
INSERT INTO `user` VALUES (25, 'lstipcjvq4', 'dt7khfuuva8e', '17heg', '5474646295@qq.com', 0, 0, 'burmcm', 'https://images.nowcoder.com/head/147t.png', '2022-08-23 13:19:32');
INSERT INTO `user` VALUES (26, 'd6qf6nrj94', '1y7hkf5sq49k', 'e61tl', '4031019007@qq.com', 0, 0, 'o0d0nm', 'https://images.nowcoder.com/head/130t.png', '2022-08-23 13:19:32');
INSERT INTO `user` VALUES (27, 'hcibcdpoee', 'zqg4nl2f2h13', 'nuo17', '4344678997@qq.com', 0, 0, '7bbsgu', 'https://images.nowcoder.com/head/430t.png', '2022-08-23 13:19:32');
INSERT INTO `user` VALUES (28, 'zs2yqae3g3', '229c0l590e4d', 'r1434', '0201641768@qq.com', 0, 0, 'mf66rr', 'https://images.nowcoder.com/head/166t.png', '2022-08-23 13:19:32');
INSERT INTO `user` VALUES (29, '29fin3497t', 'w3taoqvjjqwh', 'lkjmi', '1649228356@qq.com', 0, 0, '0itsq7', 'https://images.nowcoder.com/head/285t.png', '2022-08-23 13:19:32');
INSERT INTO `user` VALUES (30, '1hdzj1rlc6', 'vl2fyf961aqm', 'i5qes', '6919740455@qq.com', 0, 0, 'km151a', 'https://images.nowcoder.com/head/298t.png', '2022-08-23 13:19:32');
INSERT INTO `user` VALUES (31, 'vezp494wpd', 'qadvg6songb5', '5mxv0', '8115686971@qq.com', 0, 0, 'vmodl7', 'https://images.nowcoder.com/head/48t.png', '2022-08-23 13:19:32');
INSERT INTO `user` VALUES (32, 'r13c3g5u1j', '8ljuz76xddcs', 'f3q2u', '6000580750@qq.com', 0, 0, '5k3rnr', 'https://images.nowcoder.com/head/154t.png', '2022-08-23 13:19:32');
INSERT INTO `user` VALUES (33, 'b8ftt578qm', 'bljf7e68yoxk', 'ic2dk', '3560762162@qq.com', 0, 0, 'dvv35n', 'https://images.nowcoder.com/head/193t.png', '2022-08-23 13:19:32');
INSERT INTO `user` VALUES (34, '2zdjonaxtc', '8t67p53zt0fg', 'xs6r4', '4495449214@qq.com', 0, 0, '9j8h73', 'https://images.nowcoder.com/head/83t.png', '2022-08-23 13:19:32');
INSERT INTO `user` VALUES (35, 'hdzn1kuexv', 'miqmoicnh339', 'vp3u1', '0852017252@qq.com', 0, 0, 'd19fi3', 'https://images.nowcoder.com/head/32t.png', '2022-08-23 13:19:32');
INSERT INTO `user` VALUES (36, 'um4n5axxzc', '9ef8quhekxse', '7u0hf', '0762733646@qq.com', 0, 0, 'shhz6d', 'https://images.nowcoder.com/head/466t.png', '2022-08-23 13:19:32');
INSERT INTO `user` VALUES (37, 'l6k4yt7g3x', 'qlyss37o20xu', 'mvhe0', '1343323973@qq.com', 0, 0, '26wwjy', 'https://images.nowcoder.com/head/367t.png', '2022-08-23 13:19:32');
INSERT INTO `user` VALUES (38, 'imc1defnls', 'r3oqcts8jjsi', 'xo02t', '3766457167@qq.com', 0, 0, 'js85if', 'https://images.nowcoder.com/head/181t.png', '2022-08-23 13:19:32');
INSERT INTO `user` VALUES (39, 'z8v935n36a', 'lpgwqoou9pug', 's0is9', '4359329469@qq.com', 0, 0, '8fyk1a', 'https://images.nowcoder.com/head/168t.png', '2022-08-23 13:19:32');
INSERT INTO `user` VALUES (40, 'ltuc04e5jw', '6bvm6xu4b8rc', '34hm7', '1445285898@qq.com', 0, 0, '9p40xm', 'https://images.nowcoder.com/head/379t.png', '2022-08-23 13:19:32');
INSERT INTO `user` VALUES (41, '2rqg16m72s', '9oidujcav3u1', '2k6c7', '0888528720@qq.com', 0, 0, 'a1mjys', 'https://images.nowcoder.com/head/123t.png', '2022-08-23 13:19:32');
INSERT INTO `user` VALUES (42, 'psnm5fh1we', 'mbrln1iojat8', 'wpfma', '3218602717@qq.com', 0, 0, '4zsril', 'https://images.nowcoder.com/head/310t.png', '2022-08-23 13:19:32');
INSERT INTO `user` VALUES (43, 'sy8ih0e71i', '1bfzhhwm1hzj', '61i6q', '4996653370@qq.com', 0, 0, 'y54r1i', 'https://images.nowcoder.com/head/384t.png', '2022-08-23 13:19:32');
INSERT INTO `user` VALUES (44, '5lskvky8bb', '569ogizmihwg', 'oowhl', '3214103714@qq.com', 0, 0, '20eauc', 'https://images.nowcoder.com/head/403t.png', '2022-08-23 13:19:32');
INSERT INTO `user` VALUES (45, 'o9wby0i4n5', '0mw1m0j4h93x', 'plkx0', '0425533970@qq.com', 0, 0, 'lq92lp', 'https://images.nowcoder.com/head/250t.png', '2022-08-23 13:19:32');
INSERT INTO `user` VALUES (46, 'i4m9fa14m0', 'qy89ly015dr8', 'tg4e5', '2540220281@qq.com', 0, 0, 'mt8fk2', 'https://images.nowcoder.com/head/423t.png', '2022-08-23 13:19:32');
INSERT INTO `user` VALUES (47, '4vyyfgjkqh', 'mjd4bwd2lo8i', 'tcn3u', '9256630985@qq.com', 0, 0, 'owcbd2', 'https://images.nowcoder.com/head/434t.png', '2022-08-23 13:19:32');
INSERT INTO `user` VALUES (48, '8ykv84uvao', 'g2qz9qnyrezs', 'hgfjy', '9691361613@qq.com', 0, 0, '2p7xk7', 'https://images.nowcoder.com/head/466t.png', '2022-08-23 13:19:32');
INSERT INTO `user` VALUES (49, 'hbpck1z3ac', 'mhhnl6za4igj', 'hp3lm', '9593063050@qq.com', 0, 0, '6h6yji', 'https://images.nowcoder.com/head/73t.png', '2022-08-23 13:19:32');
INSERT INTO `user` VALUES (50, 'zuaps8c21y', '7qwa440tr9ot', 'p18xq', '0010480263@qq.com', 0, 0, 'anmsd7', 'https://images.nowcoder.com/head/422t.png', '2022-08-23 13:19:32');
INSERT INTO `user` VALUES (51, '01osiixrwh', 'sczox4i3xy9v', 'izom6', '5001828477@qq.com', 0, 0, '33opbv', 'https://images.nowcoder.com/head/17t.png', '2022-08-23 13:19:32');
INSERT INTO `user` VALUES (52, '88r3qodpbx', '24utac9f7xh7', '8nck2', '7176174408@qq.com', 0, 0, 'sfgid5', 'https://images.nowcoder.com/head/69t.png', '2022-08-23 13:19:32');
INSERT INTO `user` VALUES (53, '4avhv928d0', 'vka7sn9dv8sh', 't29s9', '0811051548@qq.com', 0, 0, 'a510va', 'https://images.nowcoder.com/head/218t.png', '2022-08-23 13:19:32');
INSERT INTO `user` VALUES (54, 'p7n0gyi104', '93aer8zthnp9', 'skfpx', '1925411003@qq.com', 0, 0, 'l4twjz', 'https://images.nowcoder.com/head/12t.png', '2022-08-23 13:19:32');
INSERT INTO `user` VALUES (55, 'fa5k4pt56u', 'c62905zt5wmq', 'tvhwk', '8905746169@qq.com', 0, 0, 'os06la', 'https://images.nowcoder.com/head/25t.png', '2022-08-23 13:19:32');
INSERT INTO `user` VALUES (56, '9028ziw62t', 'i300t3ppt348', 'qaart', '9212793089@qq.com', 0, 0, 't554is', 'https://images.nowcoder.com/head/93t.png', '2022-08-23 13:19:32');
INSERT INTO `user` VALUES (57, 'i7yb0lgrrw', '28nooigqfws8', 's2syb', '9881906980@qq.com', 0, 0, 'exj0hb', 'https://images.nowcoder.com/head/404t.png', '2022-08-23 13:19:32');
INSERT INTO `user` VALUES (58, 'umgly318pg', 'vq7caxcnmba6', '9gouz', '3561666986@qq.com', 0, 0, 'zk77qu', 'https://images.nowcoder.com/head/455t.png', '2022-08-23 13:19:32');
INSERT INTO `user` VALUES (59, '9c96mwi4cx', 'mm7q28uomt6m', 'e71bm', '6273341741@qq.com', 0, 0, '09qqrh', 'https://images.nowcoder.com/head/336t.png', '2022-08-23 13:19:32');
INSERT INTO `user` VALUES (60, 'vlv7x0478j', '9oditi26v242', 'a8z5k', '5410804684@qq.com', 0, 0, '3ng8tu', 'https://images.nowcoder.com/head/103t.png', '2022-08-23 13:19:32');
INSERT INTO `user` VALUES (61, 'k8gpuhk9q6', 'jwn9awcmh3dr', 'msaq1', '5695329894@qq.com', 0, 0, '2aaykr', 'https://images.nowcoder.com/head/134t.png', '2022-08-23 13:19:32');
INSERT INTO `user` VALUES (62, 'ewk7mg17qf', 'nxxm0dgquijo', 'ndbwr', '6043015098@qq.com', 0, 0, 'ferc5e', 'https://images.nowcoder.com/head/341t.png', '2022-08-23 13:19:32');
INSERT INTO `user` VALUES (63, '7llufeorz9', 'xquwnd72m7nc', 'emiw3', '7261235997@qq.com', 0, 0, 'tfnouu', 'https://images.nowcoder.com/head/47t.png', '2022-08-23 13:19:32');
INSERT INTO `user` VALUES (64, 'kdgkfk6c1t', 'mic0512a8roj', 'ni889', '6841544519@qq.com', 0, 0, 'jyljp8', 'https://images.nowcoder.com/head/169t.png', '2022-08-23 13:19:32');
INSERT INTO `user` VALUES (65, 'ne39jz3s1f', 'wc3ktq18yvs2', '3ee4u', '4999415034@qq.com', 0, 0, 'skn7w7', 'https://images.nowcoder.com/head/315t.png', '2022-08-23 13:19:32');
INSERT INTO `user` VALUES (66, '2znquuf84n', '8vvda2j1lxd9', '6y66w', '5999870408@qq.com', 0, 0, 'pdof0d', 'https://images.nowcoder.com/head/275t.png', '2022-08-23 13:19:32');
INSERT INTO `user` VALUES (67, 't6vqka248f', 'rye3si6qhm5u', 'c5o6s', '2202717339@qq.com', 0, 0, 'lqvexk', 'https://images.nowcoder.com/head/289t.png', '2022-08-23 13:19:32');
INSERT INTO `user` VALUES (68, 'wk284ibdfc', 'vjd3xcxryai2', 'az3ij', '4476456615@qq.com', 0, 0, 'v41k1h', 'https://images.nowcoder.com/head/103t.png', '2022-08-23 13:19:32');
INSERT INTO `user` VALUES (69, 'cr85kwzxbt', 'fuotfj0i4o9c', '39fj3', '7450185216@qq.com', 0, 0, 'dqu7gp', 'https://images.nowcoder.com/head/51t.png', '2022-08-23 13:19:32');
INSERT INTO `user` VALUES (70, 'hjpxmvpk4m', 'z0iqahsczsor', 'aswum', '9863681493@qq.com', 0, 0, 'vlaqh1', 'https://images.nowcoder.com/head/431t.png', '2022-08-23 13:19:32');
INSERT INTO `user` VALUES (71, 'jzzb2ah4rl', 'ecmwiht67bkp', '19dyi', '0029134672@qq.com', 0, 0, 'e5d975', 'https://images.nowcoder.com/head/151t.png', '2022-08-23 13:19:32');
INSERT INTO `user` VALUES (72, '6chc5xxeol', 'qyq5c55j37lx', '485ut', '3487788146@qq.com', 0, 0, 'krk44e', 'https://images.nowcoder.com/head/262t.png', '2022-08-23 13:19:32');
INSERT INTO `user` VALUES (73, 'x6jdf10l00', 'yeqqlv6lk0lb', '8rkoz', '1469370509@qq.com', 0, 0, 'a41szk', 'https://images.nowcoder.com/head/435t.png', '2022-08-23 13:19:32');
INSERT INTO `user` VALUES (74, 'z7x8jf3sl1', 'opcciquq7gzw', '4ntc7', '0764681413@qq.com', 0, 0, 'k1cn8f', 'https://images.nowcoder.com/head/475t.png', '2022-08-23 13:19:32');
INSERT INTO `user` VALUES (75, 'qprc7mgjbp', 'qf627v54r7yy', 'i5k5r', '6130460833@qq.com', 0, 0, 'l4hyzt', 'https://images.nowcoder.com/head/333t.png', '2022-08-23 13:19:32');
INSERT INTO `user` VALUES (76, 'pyo60o68kk', 'rsldyo7y2dco', 'r51gg', '1974671856@qq.com', 0, 0, '0k483k', 'https://images.nowcoder.com/head/177t.png', '2022-08-23 13:19:32');
INSERT INTO `user` VALUES (77, 'n0od0d22pn', '20zskcqqv69g', '0qu75', '3192877226@qq.com', 0, 0, 'nmkddg', 'https://images.nowcoder.com/head/420t.png', '2022-08-23 13:19:32');
INSERT INTO `user` VALUES (78, 'z28anu6xxo', '7dclfzxdawjc', 't1xcj', '2575491996@qq.com', 0, 0, '1gb2yc', 'https://images.nowcoder.com/head/261t.png', '2022-08-23 13:19:32');
INSERT INTO `user` VALUES (79, 'e4htmpgix0', '22o8gxqp69cb', 'yyvfo', '4696179666@qq.com', 0, 0, 's9c7p6', 'https://images.nowcoder.com/head/203t.png', '2022-08-23 13:19:32');
INSERT INTO `user` VALUES (80, 'g180o8bh72', 'p9zgmtp9ykj7', 'ou679', '7185051551@qq.com', 0, 0, 'jtbmu7', 'https://images.nowcoder.com/head/122t.png', '2022-08-23 13:19:32');
INSERT INTO `user` VALUES (81, 'p9v0y4rqyn', '4x6rxtv866qw', 'zqbw5', '8126489543@qq.com', 0, 0, '7pcgbk', 'https://images.nowcoder.com/head/50t.png', '2022-08-23 13:19:32');
INSERT INTO `user` VALUES (82, 'mj33m7128i', '4rxhjta7egu4', 'w6u4p', '1138479761@qq.com', 0, 0, 'j1s95p', 'https://images.nowcoder.com/head/15t.png', '2022-08-23 13:19:32');
INSERT INTO `user` VALUES (83, '0muz1480vp', 'tti3z0g9o8j9', 'bclvy', '7926146469@qq.com', 0, 0, '7behf5', 'https://images.nowcoder.com/head/120t.png', '2022-08-23 13:19:32');
INSERT INTO `user` VALUES (84, 'km59e3wod2', 'g4slw279pwaz', '70sb0', '5267462262@qq.com', 0, 0, 'r12343', 'https://images.nowcoder.com/head/103t.png', '2022-08-23 13:19:32');
INSERT INTO `user` VALUES (85, 'u9cc3bu92h', 'wpisk5n80394', 'czfjx', '8544997190@qq.com', 0, 0, 'khk8k7', 'https://images.nowcoder.com/head/185t.png', '2022-08-23 13:19:32');
INSERT INTO `user` VALUES (86, 'diszwcpqly', '7dp9a3ynjdae', 'h9iz1', '2099610143@qq.com', 0, 0, 'v9oga3', 'https://images.nowcoder.com/head/363t.png', '2022-08-23 13:19:32');
INSERT INTO `user` VALUES (87, 'sq8f4p4xox', '5parr9a3ck36', 'bs581', '5377193261@qq.com', 0, 0, 'jiuepe', 'https://images.nowcoder.com/head/167t.png', '2022-08-23 13:19:32');
INSERT INTO `user` VALUES (88, 'ymyigecynl', '37reyuc2qrce', 'lak7o', '5181269513@qq.com', 0, 0, 'gly6va', 'https://images.nowcoder.com/head/143t.png', '2022-08-23 13:19:32');
INSERT INTO `user` VALUES (89, 'qt2d4stucn', 'xxebljyi45ms', 'jarb7', '8074977837@qq.com', 0, 0, 'y2o704', 'https://images.nowcoder.com/head/263t.png', '2022-08-23 13:19:32');
INSERT INTO `user` VALUES (90, 'omo91ap46h', 'd7h1mhpvsyfo', '9yu9l', '5878195859@qq.com', 0, 0, 'g0wq9f', 'https://images.nowcoder.com/head/315t.png', '2022-08-23 13:19:32');
INSERT INTO `user` VALUES (91, 'vfhcnn4z87', 'nwdunx2ig1eh', 'x7d15', '7107575774@qq.com', 0, 0, 'yb71nq', 'https://images.nowcoder.com/head/495t.png', '2022-08-23 13:19:32');
INSERT INTO `user` VALUES (92, 'fc9r2700g1', '74qm61m1qub5', '6f238', '2991237278@qq.com', 0, 0, 'bi3m9i', 'https://images.nowcoder.com/head/43t.png', '2022-08-23 13:19:32');
INSERT INTO `user` VALUES (93, 'uonrf1e6k2', 'ye9urkfu7w1d', 'e3v9l', '7190786405@qq.com', 0, 0, 'zs3w2i', 'https://images.nowcoder.com/head/276t.png', '2022-08-23 13:19:32');
INSERT INTO `user` VALUES (94, '4nr8b9ljxa', 'uihh7xvb5gri', 'hhggv', '2410878121@qq.com', 0, 0, '8sgh2c', 'https://images.nowcoder.com/head/455t.png', '2022-08-23 13:19:32');
INSERT INTO `user` VALUES (95, 'ybqgnf4f7c', 'rqhbiipjceso', 'xyjlj', '9926206231@qq.com', 0, 0, 'v8g6mq', 'https://images.nowcoder.com/head/312t.png', '2022-08-23 13:19:32');
INSERT INTO `user` VALUES (96, 'svhpwf9i4u', 'vpmgjy5o7rm1', 'mqce4', '9242236944@qq.com', 0, 0, 'aenj13', 'https://images.nowcoder.com/head/476t.png', '2022-08-23 13:19:32');
INSERT INTO `user` VALUES (97, 'dqhnfdqrh3', 'tqbf9vgukano', 'hwdxp', '7156736598@qq.com', 0, 0, 'eamhic', 'https://images.nowcoder.com/head/46t.png', '2022-08-23 13:19:32');
INSERT INTO `user` VALUES (98, 'q9cxpvrx6g', 'dg33z6mwlup6', 'iwp1b', '2359338151@qq.com', 0, 0, 's5vsy6', 'https://images.nowcoder.com/head/55t.png', '2022-08-23 13:19:32');
INSERT INTO `user` VALUES (99, 'aylg3hv2b6', 'vsgvagrb8dm9', '5xai5', '2633955070@qq.com', 0, 0, 'vywc73', 'https://images.nowcoder.com/head/255t.png', '2022-08-23 13:19:32');
INSERT INTO `user` VALUES (100, '21uzzkvupm', 'eiyk05bb58gc', '2fvfk', '7562191840@qq.com', 0, 0, 'aq2i03', 'https://images.nowcoder.com/head/475t.png', '2022-08-23 13:19:32');
INSERT INTO `user` VALUES (101, 'wp0xd45hsa', '0xdnpa1infhx', '42jdj', '7673147190@qq.com', 0, 0, 'xwr4wv', 'https://images.nowcoder.com/head/352t.png', '2022-08-23 13:19:32');
INSERT INTO `user` VALUES (102, 'ilb0hfmrke', '2wagioi9r8ns', '1t15z', '2975512283@qq.com', 0, 0, '751ncm', 'https://images.nowcoder.com/head/166t.png', '2022-08-23 13:19:32');
INSERT INTO `user` VALUES (103, 'b01r6enxek', 'twofdzp2t8cl', 'gce9t', '2775543158@qq.com', 0, 0, '2drom5', 'https://images.nowcoder.com/head/112t.png', '2022-08-23 13:19:32');
INSERT INTO `user` VALUES (104, 'nq9sazdgz6', '8jd44bw7wy4r', 'mtv1z', '8529044252@qq.com', 0, 0, 'g6lrwl', 'https://images.nowcoder.com/head/487t.png', '2022-08-23 13:19:32');
INSERT INTO `user` VALUES (105, 'wf6j7jtnev', '8j3odi0dwezq', '6i73l', '9556988615@qq.com', 0, 0, 'j4pj1x', 'https://images.nowcoder.com/head/374t.png', '2022-08-23 13:19:32');
INSERT INTO `user` VALUES (106, 'huqxkru3ev', 'ti76wj23vbde', 'zo13i', '6778800980@qq.com', 0, 0, 'fj74ky', 'https://images.nowcoder.com/head/243t.png', '2022-08-23 13:19:32');
INSERT INTO `user` VALUES (107, 'hchosi76h7', '33enr5i54mvp', 'q5vhj', '9197111967@qq.com', 0, 0, '6qq38u', 'https://images.nowcoder.com/head/214t.png', '2022-08-23 13:19:32');
INSERT INTO `user` VALUES (108, 'c6htax8yw5', 'h978ikdtorns', 'bcm86', '1076476712@qq.com', 0, 0, 'r7iqxk', 'https://images.nowcoder.com/head/220t.png', '2022-08-23 13:19:32');
INSERT INTO `user` VALUES (109, 'uw8ux4d6sk', 'o89as8059vj2', '6vqah', '8857342196@qq.com', 0, 0, 'c4wvbm', 'https://images.nowcoder.com/head/42t.png', '2022-08-23 13:19:32');
INSERT INTO `user` VALUES (110, 'f4s58t7n8c', 'c6age192n0zw', 'evi79', '1940568664@qq.com', 0, 0, 'p0dl6w', 'https://images.nowcoder.com/head/247t.png', '2022-08-23 13:19:32');
INSERT INTO `user` VALUES (111, 'b0fawwemzq', '9kgq1mmi73wj', '2d2h6', '7787464248@qq.com', 0, 0, 'c7wm5c', 'https://images.nowcoder.com/head/39t.png', '2022-08-23 13:19:32');
INSERT INTO `user` VALUES (112, 'asx9vxvu6q', '2v7aavg8td0x', 'amz8d', '2196844510@qq.com', 0, 0, 'ggstjo', 'https://images.nowcoder.com/head/418t.png', '2022-08-23 13:19:32');
INSERT INTO `user` VALUES (113, 'jwsrnawi0s', '602dtmspvz1y', 'r6wta', '1993899867@qq.com', 0, 0, 'oq2hgi', 'https://images.nowcoder.com/head/128t.png', '2022-08-23 13:19:32');
INSERT INTO `user` VALUES (114, 'zzbcmylpn8', 'zsivupc4k18n', 'ykd6d', '3528512645@qq.com', 0, 0, 'epsxcc', 'https://images.nowcoder.com/head/295t.png', '2022-08-23 13:19:32');
INSERT INTO `user` VALUES (115, '3r8wijibl7', '4y7n3dmphsv2', 'i8ome', '5167130328@qq.com', 0, 0, 'jgl5sy', 'https://images.nowcoder.com/head/314t.png', '2022-08-23 13:19:32');
INSERT INTO `user` VALUES (116, 'ziuuyl47zc', 'gais7cweyynt', 'wyp72', '4396075694@qq.com', 0, 0, '7ocldl', 'https://images.nowcoder.com/head/19t.png', '2022-08-23 13:19:32');
INSERT INTO `user` VALUES (117, '06ummlj333', 'pzbqktf8zh69', '7cjri', '6375804087@qq.com', 0, 0, 'ppgz78', 'https://images.nowcoder.com/head/408t.png', '2022-08-23 13:19:32');
INSERT INTO `user` VALUES (118, '5pxrmnv16n', '3l0ooqo61zgg', 'e1x66', '2472385260@qq.com', 0, 0, 'kwicu2', 'https://images.nowcoder.com/head/91t.png', '2022-08-23 13:19:32');
INSERT INTO `user` VALUES (119, '2pxs08pvgu', 'yb09n1bzihrm', 'zcuv1', '8203838385@qq.com', 0, 0, '8em9zq', 'https://images.nowcoder.com/head/454t.png', '2022-08-23 13:19:32');
INSERT INTO `user` VALUES (120, 'r1fzihzc7h', 'bacvlgg0dewr', 'yppvm', '8287229334@qq.com', 0, 0, 'jk6dlx', 'https://images.nowcoder.com/head/494t.png', '2022-08-23 13:19:32');
INSERT INTO `user` VALUES (121, '4kxfsbvmtw', 'jg29y40pi7r8', 'zc0z0', '1906830667@qq.com', 0, 0, '8qh85n', 'https://images.nowcoder.com/head/340t.png', '2022-08-23 13:19:32');
INSERT INTO `user` VALUES (122, '75068up2tf', 'vc5j0dpoampj', '3t17h', '4208200601@qq.com', 0, 0, 'bnmqjf', 'https://images.nowcoder.com/head/125t.png', '2022-08-23 13:19:32');
INSERT INTO `user` VALUES (123, 'fjz48ggd8u', 'ucchoi4imq1k', 'ddd9f', '4067205487@qq.com', 0, 0, 'jdwq9i', 'https://images.nowcoder.com/head/245t.png', '2022-08-23 13:19:32');
INSERT INTO `user` VALUES (124, '8tr27rli32', 'tqs3csulcy1d', 'osr8w', '9979688849@qq.com', 0, 0, 'fkq4c5', 'https://images.nowcoder.com/head/277t.png', '2022-08-23 13:19:32');
INSERT INTO `user` VALUES (125, '28q9itviwx', 'o9djrg4vfm8z', '36nty', '2954792936@qq.com', 0, 0, 'pnsu9q', 'https://images.nowcoder.com/head/320t.png', '2022-08-23 13:19:32');
INSERT INTO `user` VALUES (126, 'okkk2751et', 'p5bi705lr2yg', '44g1n', '0310692564@qq.com', 0, 0, '42gx94', 'https://images.nowcoder.com/head/225t.png', '2022-08-23 13:19:32');
INSERT INTO `user` VALUES (127, '4vs3ksv0q8', '2bc67dtlb2a0', '1rhwq', '3493185882@qq.com', 0, 0, 'pg09an', 'https://images.nowcoder.com/head/426t.png', '2022-08-23 13:19:32');
INSERT INTO `user` VALUES (128, 'ilv4sxb1y6', 'sfhsm5s3vu0n', 'bjp9e', '2994398687@qq.com', 0, 0, 'l287x8', 'https://images.nowcoder.com/head/476t.png', '2022-08-23 13:19:32');
INSERT INTO `user` VALUES (129, 'kiufbeu1jz', '7mpmz7twlyc2', 'd52rr', '2135129259@qq.com', 0, 0, '20piap', 'https://images.nowcoder.com/head/141t.png', '2022-08-23 13:19:32');
INSERT INTO `user` VALUES (130, 'sg8jn976qj', '0jleh0wk08z6', '96qm0', '9357920733@qq.com', 0, 0, '75wfu4', 'https://images.nowcoder.com/head/146t.png', '2022-08-23 13:19:32');
INSERT INTO `user` VALUES (131, 'evbpbv2n68', '6lnxm7z3wd7m', 'zkeqk', '6081526518@qq.com', 0, 0, 'plumgl', 'https://images.nowcoder.com/head/126t.png', '2022-08-23 13:19:32');
INSERT INTO `user` VALUES (132, 'c1piqzqlok', 'crxfw6x74ago', 'f7bxt', '2071412143@qq.com', 0, 0, 'mra3tv', 'https://images.nowcoder.com/head/72t.png', '2022-08-23 13:19:32');
INSERT INTO `user` VALUES (133, 'n6wg3jdg5e', 'b1cj119vxwq5', 'a7a16', '3868883274@qq.com', 0, 0, '29vkbf', 'https://images.nowcoder.com/head/335t.png', '2022-08-23 13:19:32');
INSERT INTO `user` VALUES (134, 'nwb04k05u0', 'q0d0y8ifl7k1', 'qdqk1', '8144692690@qq.com', 0, 0, 'qvtgia', 'https://images.nowcoder.com/head/287t.png', '2022-08-23 13:19:32');
INSERT INTO `user` VALUES (135, 'huwia7e10x', '4s2dx92lxqn0', '4qo7p', '8035363333@qq.com', 0, 0, 'etqmew', 'https://images.nowcoder.com/head/87t.png', '2022-08-23 13:19:32');
INSERT INTO `user` VALUES (136, 'c6rrqcpuvh', 'ouxonkfs5n0w', 'tfxuv', '0406472826@qq.com', 0, 0, '2br8h3', 'https://images.nowcoder.com/head/83t.png', '2022-08-23 13:19:32');
INSERT INTO `user` VALUES (137, 'nnh5s4uok0', 'khhubeuc7nqx', 'v5vq5', '3630924521@qq.com', 0, 0, 'eomedq', 'https://images.nowcoder.com/head/364t.png', '2022-08-23 13:19:32');
INSERT INTO `user` VALUES (138, '4e8ik50axj', '6khi8vw171k8', 'vmoft', '9132865736@qq.com', 0, 0, 'e6qn3x', 'https://images.nowcoder.com/head/348t.png', '2022-08-23 13:19:32');
INSERT INTO `user` VALUES (139, '8817eqgxe5', 'vyi11q60jpyl', 'y7yec', '0845210888@qq.com', 0, 0, 'zzll4h', 'https://images.nowcoder.com/head/383t.png', '2022-08-23 13:19:32');
INSERT INTO `user` VALUES (140, 'c8u7yp4w3g', 'k156732v1hl1', 'pkdyt', '4221886463@qq.com', 0, 0, 'i3ld9u', 'https://images.nowcoder.com/head/253t.png', '2022-08-23 13:19:32');
INSERT INTO `user` VALUES (141, 'iaomyov71b', '7qjucwjys1bv', 'cfy39', '8859233865@qq.com', 0, 0, 'yqa1y7', 'https://images.nowcoder.com/head/297t.png', '2022-08-23 13:19:32');
INSERT INTO `user` VALUES (142, '6bvhu0jd39', '210vo8uiiomd', 'xld8y', '9791681570@qq.com', 0, 0, 'wbkid3', 'https://images.nowcoder.com/head/373t.png', '2022-08-23 13:19:32');
INSERT INTO `user` VALUES (143, '5puvz9swyn', '0z0rsxitqze0', '695bd', '1223048474@qq.com', 0, 0, 'vdnhzy', 'https://images.nowcoder.com/head/336t.png', '2022-08-23 13:19:32');
INSERT INTO `user` VALUES (144, 'vpkp4k7m3l', 'dbspmt4tiz9h', 'lldpg', '9400395760@qq.com', 0, 0, 'mgiapw', 'https://images.nowcoder.com/head/310t.png', '2022-08-23 13:19:32');
INSERT INTO `user` VALUES (145, '9m44egde2u', '332nkc3ombx5', 'ownr7', '7830566432@qq.com', 0, 0, 'aup3lw', 'https://images.nowcoder.com/head/219t.png', '2022-08-23 13:19:32');
INSERT INTO `user` VALUES (146, 'fvt1axsi4q', 'wy0e2598k9wo', 'vf1um', '5078463808@qq.com', 0, 0, 'fzhk1d', 'https://images.nowcoder.com/head/400t.png', '2022-08-23 13:19:32');
INSERT INTO `user` VALUES (147, '4emb93p1f9', 'nv6bhegilk6h', 'agb6r', '4677670562@qq.com', 0, 0, 'vrib93', 'https://images.nowcoder.com/head/341t.png', '2022-08-23 13:19:32');
INSERT INTO `user` VALUES (148, '46iemgiq9u', 'infys6bo81vs', 'tmizx', '3803331130@qq.com', 0, 0, 'mjigq1', 'https://images.nowcoder.com/head/114t.png', '2022-08-23 13:19:32');
INSERT INTO `user` VALUES (149, '0q3h8wu3lw', 'wqeth1deg0s0', 'lb0j9', '4522933598@qq.com', 0, 0, '84p4id', 'https://images.nowcoder.com/head/346t.png', '2022-08-23 13:19:32');
INSERT INTO `user` VALUES (150, 'icasvmhp36', '1kify5dqrsix', 's8gfp', '3816975896@qq.com', 0, 0, 'ud6ilc', 'https://images.nowcoder.com/head/126t.png', '2022-08-23 13:19:32');
INSERT INTO `user` VALUES (151, 'hd9aif4y06', 'rqh72yjoigy0', 'bbsqd', '3618913171@qq.com', 0, 0, '8z5vrq', 'https://images.nowcoder.com/head/497t.png', '2022-08-23 13:19:32');
INSERT INTO `user` VALUES (152, '26gwuiy23b', 'f9l3ecc25r23', 'yinny', '0394093512@qq.com', 0, 0, 'qysta4', 'https://images.nowcoder.com/head/292t.png', '2022-08-23 13:19:32');
INSERT INTO `user` VALUES (153, 'iaqnwuh9pr', 'l640j22lptiw', 'eshwe', '6352933921@qq.com', 0, 0, 'wzphar', 'https://images.nowcoder.com/head/35t.png', '2022-08-23 13:19:32');
INSERT INTO `user` VALUES (154, 'ksp0p2zcbb', 'qul98vyubngd', '60fwx', '5525603857@qq.com', 0, 0, '72ov5t', 'https://images.nowcoder.com/head/496t.png', '2022-08-23 13:19:32');
INSERT INTO `user` VALUES (155, 'ctbsxbpyww', 'ki07l2hq07pq', 'ja656', '2552779951@qq.com', 0, 0, 'bpndjy', 'https://images.nowcoder.com/head/249t.png', '2022-08-23 13:19:32');
INSERT INTO `user` VALUES (156, 'qty7e5v2wr', '65odzdcdl2oi', 'xryop', '5011087176@qq.com', 0, 0, 'p37pm2', 'https://images.nowcoder.com/head/80t.png', '2022-08-23 13:19:32');
INSERT INTO `user` VALUES (157, 'wrnbimu3bx', 'l1rywsv8fmj9', 'lm5z9', '8860813839@qq.com', 0, 0, 'unmvr5', 'https://images.nowcoder.com/head/235t.png', '2022-08-23 13:19:32');
INSERT INTO `user` VALUES (158, 'crr0tadl6e', 'nxessffbqvut', '8pb40', '6302094074@qq.com', 0, 0, '42l5zv', 'https://images.nowcoder.com/head/480t.png', '2022-08-23 13:19:32');
INSERT INTO `user` VALUES (159, 'nj20nhk7cl', 'bz1fuaxxv2fg', '745tw', '5876768354@qq.com', 0, 0, 'pffkyx', 'https://images.nowcoder.com/head/160t.png', '2022-08-23 13:19:32');
INSERT INTO `user` VALUES (160, '6c6aquu4rk', 'azcdyupao2s8', '7ydoy', '4784901672@qq.com', 0, 0, 'jasiwk', 'https://images.nowcoder.com/head/251t.png', '2022-08-23 13:19:32');
INSERT INTO `user` VALUES (161, '6fhhnq1t96', 'fkbilsicl7v2', 'nvenc', '4424525833@qq.com', 0, 0, 'gvvv5a', 'https://images.nowcoder.com/head/209t.png', '2022-08-23 13:19:32');
INSERT INTO `user` VALUES (162, 'zir72lxmve', 'jf44vbbme4to', 'olu3v', '0303692118@qq.com', 0, 0, 'htqutc', 'https://images.nowcoder.com/head/14t.png', '2022-08-23 13:19:32');
INSERT INTO `user` VALUES (163, '3v4032zhxw', '0nsbyd3g1jhw', 'imhih', '3557345666@qq.com', 0, 0, 'hxkx53', 'https://images.nowcoder.com/head/287t.png', '2022-08-23 13:19:32');
INSERT INTO `user` VALUES (164, 'mgpz085oat', 'd92sz80zw5sb', 'y65o5', '2176576702@qq.com', 0, 0, 'gl0vhu', 'https://images.nowcoder.com/head/241t.png', '2022-08-23 13:19:32');
INSERT INTO `user` VALUES (165, '7hlghgvuzj', 'ya98d4gc3193', 'vf54e', '2813281114@qq.com', 0, 0, '61flkw', 'https://images.nowcoder.com/head/181t.png', '2022-08-23 13:19:32');
INSERT INTO `user` VALUES (166, 'qcdn1pnkhx', 'pzfmmldm6n6d', 'dmnyz', '3141375860@qq.com', 0, 0, 'ey262m', 'https://images.nowcoder.com/head/179t.png', '2022-08-23 13:19:32');
INSERT INTO `user` VALUES (167, '6vxscy2tvd', 'warr0fq3xtrm', 'gfqlx', '9446682068@qq.com', 0, 0, '2h6sfm', 'https://images.nowcoder.com/head/449t.png', '2022-08-23 13:19:32');
INSERT INTO `user` VALUES (168, '1hhee03jkk', 'l8m1jjqcx7dw', '82wl2', '5205317447@qq.com', 0, 0, 'krj5vq', 'https://images.nowcoder.com/head/290t.png', '2022-08-23 13:19:32');
INSERT INTO `user` VALUES (169, 'f90lmkb2vf', 'cqf508sd5nsj', 'mzjj3', '5693452071@qq.com', 0, 0, 'p0699k', 'https://images.nowcoder.com/head/166t.png', '2022-08-23 13:19:32');
INSERT INTO `user` VALUES (170, 'l73ioh9bxg', 'k7r1g067z9xf', 'jk3tp', '4782575700@qq.com', 0, 0, 'rruauh', 'https://images.nowcoder.com/head/369t.png', '2022-08-23 13:19:32');
INSERT INTO `user` VALUES (171, 'o4c5xfmdws', 'if028xiinlka', 'rm6g3', '6936814483@qq.com', 0, 0, 'n0t2l2', 'https://images.nowcoder.com/head/169t.png', '2022-08-23 13:19:32');
INSERT INTO `user` VALUES (172, 'yaeef689uy', 'tksngfdo19vh', '2zhc1', '1349933748@qq.com', 0, 0, '6bkce8', 'https://images.nowcoder.com/head/157t.png', '2022-08-23 13:19:32');
INSERT INTO `user` VALUES (173, '23aehvunjb', 'phe8os5z1n0p', 'ab387', '0793419484@qq.com', 0, 0, 'lkemcp', 'https://images.nowcoder.com/head/127t.png', '2022-08-23 13:19:32');
INSERT INTO `user` VALUES (174, 'oq58hiuqrg', 'wt75q7jf4jbw', 'm0ucl', '9663964343@qq.com', 0, 0, 'gx1e49', 'https://images.nowcoder.com/head/148t.png', '2022-08-23 13:19:32');
INSERT INTO `user` VALUES (175, 'qgmra18hyj', '2jrrn3y17wv9', 'wxgtf', '6822443892@qq.com', 0, 0, 'jykwl7', 'https://images.nowcoder.com/head/250t.png', '2022-08-23 13:19:32');
INSERT INTO `user` VALUES (176, 'e202949p10', 'jzotvyek1cpw', 'kual6', '2622024817@qq.com', 0, 0, 'c76xir', 'https://images.nowcoder.com/head/474t.png', '2022-08-23 13:19:32');
INSERT INTO `user` VALUES (177, '76zz781349', 'zcitr9229rg2', 'fcr2q', '3533000961@qq.com', 0, 0, '8pfqnj', 'https://images.nowcoder.com/head/480t.png', '2022-08-23 13:19:32');
INSERT INTO `user` VALUES (178, 'ia6fhqys4u', '5pa8jqom39tv', 'vj45q', '1892635924@qq.com', 0, 0, '0rrky7', 'https://images.nowcoder.com/head/367t.png', '2022-08-23 13:19:32');
INSERT INTO `user` VALUES (179, 'ltevthr1fa', 'k3epjbivfyt8', 'l6k36', '0244545660@qq.com', 0, 0, 'd57ni2', 'https://images.nowcoder.com/head/363t.png', '2022-08-23 13:19:32');
INSERT INTO `user` VALUES (180, 'jn5tubgoxe', 'my4rzz75kzqm', '06eyk', '2554405996@qq.com', 0, 0, 'gwhcbe', 'https://images.nowcoder.com/head/66t.png', '2022-08-23 13:19:32');
INSERT INTO `user` VALUES (181, 'ju6bsnd9am', '8aabcu6ug639', 'u5639', '4754066333@qq.com', 0, 0, 'dzpu7f', 'https://images.nowcoder.com/head/133t.png', '2022-08-23 13:19:32');
INSERT INTO `user` VALUES (182, 'e26es46u4j', '7fdyoavkcy21', '5l513', '0664604807@qq.com', 0, 0, 'lyckdg', 'https://images.nowcoder.com/head/84t.png', '2022-08-23 13:19:32');
INSERT INTO `user` VALUES (183, 'cgvyg8otoy', 'nzs8s0bnj04w', '91zew', '5106738892@qq.com', 0, 0, 'oy6f7z', 'https://images.nowcoder.com/head/357t.png', '2022-08-23 13:19:32');
INSERT INTO `user` VALUES (184, 'g1jqrh94pc', 'yedg44rk7yyf', 'joxbw', '0233282369@qq.com', 0, 0, 'j8ykqs', 'https://images.nowcoder.com/head/329t.png', '2022-08-23 13:19:32');
INSERT INTO `user` VALUES (185, 'sljofnbnnd', '8z52y011h961', 'hia0d', '3162876784@qq.com', 0, 0, 'bpqn9r', 'https://images.nowcoder.com/head/22t.png', '2022-08-23 13:19:32');
INSERT INTO `user` VALUES (186, '521jey9mcw', 'cn3vgc3ku6py', 'zcgpx', '4524548190@qq.com', 0, 0, 'a2neqf', 'https://images.nowcoder.com/head/476t.png', '2022-08-23 13:19:32');
INSERT INTO `user` VALUES (187, '529v0lr7an', '7dkc8xqg3x8j', '9jzh3', '5843923778@qq.com', 0, 0, '4iw9hf', 'https://images.nowcoder.com/head/47t.png', '2022-08-23 13:19:32');
INSERT INTO `user` VALUES (188, 'a1szqv5uad', '8mzbdjzi820m', 'vcjzt', '5155256384@qq.com', 0, 0, 'aaf1kb', 'https://images.nowcoder.com/head/497t.png', '2022-08-23 13:19:32');
INSERT INTO `user` VALUES (189, 'om1i2xyahi', 'ikkvfn7bahax', 's95x6', '3296119639@qq.com', 0, 0, 'uvm6r5', 'https://images.nowcoder.com/head/493t.png', '2022-08-23 13:19:32');
INSERT INTO `user` VALUES (190, 'l5414x73ld', 'tlclc0gl4u0h', 'ek2vj', '5679786867@qq.com', 0, 0, 'ja7bl6', 'https://images.nowcoder.com/head/332t.png', '2022-08-23 13:19:32');
INSERT INTO `user` VALUES (191, 'pfope8sb9f', 'hunp95wbves6', 'xp9h5', '9095174717@qq.com', 0, 0, 'kf2g7i', 'https://images.nowcoder.com/head/186t.png', '2022-08-23 13:19:32');
INSERT INTO `user` VALUES (192, '1wrovw1oj7', '5s7wjyddxzqs', 'cc81j', '8920150346@qq.com', 0, 0, '6cm9tq', 'https://images.nowcoder.com/head/467t.png', '2022-08-23 13:19:32');
INSERT INTO `user` VALUES (193, 'bwj8gughqe', '20tnmct6eqvv', '6x22o', '5095821844@qq.com', 0, 0, '0wt76j', 'https://images.nowcoder.com/head/166t.png', '2022-08-23 13:19:32');
INSERT INTO `user` VALUES (194, '4ax6dizedz', 'gyigexgaznlf', 'w4elo', '1534382881@qq.com', 0, 0, 'z0ht5j', 'https://images.nowcoder.com/head/437t.png', '2022-08-23 13:19:32');
INSERT INTO `user` VALUES (195, 'alpg0qd8rd', 'aoetk39aw9wl', 'mvs57', '9255186795@qq.com', 0, 0, 'nfee4c', 'https://images.nowcoder.com/head/254t.png', '2022-08-23 13:19:32');
INSERT INTO `user` VALUES (196, 'posivee81a', 'f5vq2lvyadxl', 'yv485', '3168921918@qq.com', 0, 0, 'osxlfw', 'https://images.nowcoder.com/head/221t.png', '2022-08-23 13:19:32');
INSERT INTO `user` VALUES (197, '9924y75l79', '690kyff89bab', 'n9lg2', '4381875602@qq.com', 0, 0, 'd9khef', 'https://images.nowcoder.com/head/49t.png', '2022-08-23 13:19:32');
INSERT INTO `user` VALUES (198, 'mve4c4iok9', 'sojxd52b9swd', '4r1bk', '9981232835@qq.com', 0, 0, 'u01aj7', 'https://images.nowcoder.com/head/192t.png', '2022-08-23 13:19:32');
INSERT INTO `user` VALUES (199, 's171ulpsp0', 'okkvf9g9ebkb', '7wrts', '1469808778@qq.com', 0, 0, 'uhfl4b', 'https://images.nowcoder.com/head/426t.png', '2022-08-23 13:19:32');
INSERT INTO `user` VALUES (200, 'hpfznc01ct', 'x9s2is9qp39w', 'b37vb', '2221395865@qq.com', 0, 0, 'an1vvi', 'https://images.nowcoder.com/head/358t.png', '2022-08-23 13:19:32');
INSERT INTO `user` VALUES (204, 'leon', '3902d30ed6d5148d5136687c3daa4cd7', 'yj58h', '1227642494@qq.com', 0, 1, 'gd6oj3hbif', 'https://images.nowcoder.com/head/329t.png', '2022-08-23 17:02:36');

SET FOREIGN_KEY_CHECKS = 1;
